High_Resolution_RGB,Multispectral_Images,Thermal_Images,Temporal_Images,Spatial_Resolution,GPS_Coordinates,Field_Boundaries,Elevation_Data,Canopy_Coverage,NDVI,SAVI,Chlorophyll_Content,Leaf_Area_Index,Crop_Stress_Indicator,Temperature,Humidity,Rainfall,Wind_Speed,Soil_Moisture,Soil_pH,Organic_Matter,Pest_Hotspots,Weed_Coverage,Pest_Damage,Crop_Growth_Stage,Expected_Yield,Crop_Type,Ground_Truth_Segmentation,Bounding_Boxes,Water_Flow,Drainage_Features,Crop_Health_Label
0,0,0,0,0.6673243133041715,201538,3,28.207633826028456,8.046925520811161,0.6769449920910732,0.4755359808366476,0.8290631626304433,3.1071882157102504,79,24.62732546479856,47.24028267827883,7.05608939444218,2.7954997961290027,31.01054929231256,6.085809800139449,2.126334880095282,0,1.922273758079899,84,2,2540.784327106512,Wheat,1,5,41.7718838734467,0,1
1,1,0,0,1.4589995640465705,215854,3,82.33514749817869,147.51233150796884,0.4147814643649132,0.3257119619230363,0.4358608019203781,1.2879516636258082,88,27.67199922177429,44.40815556845432,14.005230465651,2.3250632107227016,12.429002935194692,6.776880438188714,1.7511579845462732,0,4.851380778401197,56,3,3227.6170248162184,Wheat,0,1,27.56463523120516,0,1
0,0,0,0,0.5004420818114524,890802,3,83.8656289935981,30.24652675200953,0.7236103326817007,0.5111440872382255,1.0014524033959509,1.2294953694884192,59,23.51581992361958,56.26801978089885,46.15268414777116,1.7054928441285822,28.45471263769959,6.078783019577531,0.3651243288307407,0,5.974859190609894,38,1,4609.938146101166,Maize,1,8,29.51083610340144,0,1
0,0,0,0,1.8651614480128345,605584,3,20.74790465563121,6.85781995707255,0.405611235921316,0.1628571191408726,0.962719962201357,0.9959074423032488,11,11.473797168471704,38.63701099269861,15.16873569084168,5.8912247523416665,28.450993771528445,6.59631461802798,2.4844652228141744,0,2.1005975860002115,27,2,1409.7167536863608,Maize,0,1,34.82285505092008,0,0
0,1,1,1,1.3923310175551653,871732,3,22.58881537847763,26.16855754038146,0.4659917591154656,0.2698875230471756,2.111204783067715,0.4386715091413264,79,22.502604655114084,64.4389630572496,9.4922806838287,2.2811648048410933,8.295004525289103,7.664008084803693,3.520753449305237,0,3.025668717870743,84,4,3905.312587902179,Rice,0,2,15.49325524852866,1,0
0,0,0,0,2.3422738760608084,251493,3,46.68323423004538,29.525247119800014,0.5075196418912159,0.5356265933542621,2.796576934319849,1.0110194724526305,92,23.989297128560867,34.07072722937516,12.519239670912404,0.7539977936249432,33.79440240513952,5.7432235357579176,4.660955500132179,0,4.426725561309786,1,1,3186.4281223101966,Wheat,0,6,41.3040436168928,0,0
0,0,0,0,1.7452724639584225,665471,3,20.582658065396487,22.422319974280764,0.4990185002674682,0.4217366432363795,1.3265188428455266,2.419674337842707,16,21.08757507821689,84.85811165156647,32.6121054013272,2.32500540214605,27.373833554474487,6.302017714936471,0.2000711003687964,0,0.8923018565729985,58,1,3096.2312559361453,Wheat,0,9,3.313660655521628,1,0
1,0,0,0,2.0400501307707244,899698,2,60.35271794037149,76.41939020293735,0.6025853049833099,0.5002923449800781,0.5021410364395608,3.892703209223408,69,23.70674966828525,71.9774002019966,24.426554031540437,1.4890325394945405,21.662215130069622,7.801952196525447,0.745452466565986,0,4.115668829030328,37,2,3759.0713916418754,Wheat,0,6,29.30017714416856,1,1
0,0,1,0,0.8620339217189001,300672,3,23.02739934119071,3.2948992665817114,0.5008931782254614,0.581524651985206,0.2537409131835381,1.8432744086769604,37,16.01567425655727,53.25852041831341,12.272348093754456,1.1448188626288154,7.052580523868114,5.735912742243058,2.363925183490349,1,1.8848963520567863,21,3,2492.9374434819333,Wheat,1,4,18.68815071227705,0,1
0,0,0,0,0.8408693139311376,452663,3,48.297885008655285,299.80546817792,0.5584188742887829,0.596072268964899,0.7999375243386415,2.440211021564941,35,26.09024946290409,56.42725606933216,18.819995131024463,2.668864511792437,30.57763329809156,5.841198017297715,1.57939644710643,0,4.406684015203885,91,3,2660.762240833365,Wheat,0,7,23.678779138586147,0,0
0,0,1,1,1.484220364116451,420578,2,85.79016642297815,18.583028895468622,0.8273939524622005,0.3185755382419654,0.8513392978020534,3.3534110413813,4,26.66597505064667,69.32969912095461,9.845797363424092,0.5506976061446377,28.85359555590541,6.463821836072481,1.913365130663562,0,2.8054277347570213,24,3,2550.499819039146,Maize,0,1,14.137159933321502,1,1
1,1,1,0,0.0794811979735874,349676,2,71.5003388555912,14.09870335356002,0.4508341428395549,0.3167255916287766,0.7115213762747438,2.271608415845121,70,20.513589564451703,78.46225757918079,16.550747570517807,1.017973177505622,10.032303608798475,6.160527226129475,0.7246204149723529,0,0.4947039823050237,61,4,2522.519859374267,Wheat,0,7,2.5153162614135303,0,1
1,1,0,0,0.6359775000596,773315,3,28.38679949127271,98.7690471515749,0.6068611258157197,0.3500614463733597,0.9396745927284068,3.0483098079648143,70,23.23919026178061,44.719605553913055,16.654471542506982,4.47322941948018,28.820112991502736,5.942056778077737,0.4692139561555616,1,2.0460632317295504,33,2,3112.8252288791714,Wheat,0,6,14.634062649179802,0,0
0,0,0,0,1.7751028673870577,222077,3,55.70985851876298,12.998473778958058,0.2824169944964029,0.3961768642558762,1.505957093817196,2.433341425108328,49,16.273541609108605,54.08274323994207,0.0655882645404944,4.4617355593800685,9.634588378410742,6.364534366467093,0.1994552680271762,1,5.373409534289638,92,1,2395.51196144635,Maize,1,1,17.76650227541161,0,1
0,0,1,0,0.5406489981443123,501319,3,28.544496694737152,31.534842174898504,0.6999875836040533,0.3294984780243571,0.0853741915899189,2.039608649739523,92,15.5134255350854,57.19331656000095,3.2449147370793208,2.013451304144951,14.770644461478412,5.765075124086165,0.2239290577549575,0,3.384145756908206,40,1,1738.4082733425332,Wheat,1,6,43.98174262330618,0,1
0,0,0,0,1.501894924720676,800950,1,52.50151036056821,41.32376339255322,0.6773821628310341,0.3302760753274256,0.9467447086389256,2.045188637124141,76,32.80729465398755,58.025992506527245,0.6084598027934767,3.225569720669876,29.894615791851727,6.299459844222821,1.7802799279306758,0,3.7025697055980498,54,4,3824.756237681866,Maize,0,7,26.37715812318724,1,0
0,0,1,0,1.3840304440968625,490049,3,21.79289265036512,10.02059811983073,0.6059792584118089,0.2600737806779645,0.3643035761521579,2.439978744293526,85,24.921361435769374,37.297043259610405,6.603872551809511,1.7953269726130754,24.163351311174917,6.404154425103386,19.56866782056592,0,3.0857424522476897,76,3,2368.3206024766423,Maize,0,0,48.40452638779632,0,1
0,0,0,1,1.171471930747337,526479,2,10.826963519344645,80.62118071407195,0.3933884570868211,0.3624738528933134,1.392025769201218,2.157107866044111,67,28.91444953161813,33.162356637123644,1.2689856440687746,3.7491649082258056,11.744269713214642,6.589522954215932,2.076775979669539,0,1.3468553752363863,56,2,3871.2710853605936,Maize,0,2,30.91986791633465,1,1
0,1,0,0,1.4252943322582767,926987,3,83.66661280496125,38.82298244274837,0.5754347283341305,0.5303471093314498,1.6261008173523177,1.477995662876633,80,23.17415287166132,61.49447988718699,66.3019426533741,2.120053421503532,31.539377492961084,6.222616728526109,0.8369413801901898,0,3.0706052167150566,2,1,4149.14557332431,Wheat,1,3,34.0535992590405,0,0
0,1,0,0,0.9856663013392182,922846,3,31.93742849650152,31.74483395366448,0.5784724220673414,0.5258077724972698,1.2581979771594294,0.7704796360882156,78,21.900325314074745,53.98120684129839,10.252956866534786,2.4362735272435025,17.546336270154924,5.709623220376226,0.0116758264879212,0,1.1149449067153954,85,2,2794.8495593572648,Maize,0,8,30.217711604659996,0,1
0,0,1,0,0.9989356568473944,924801,2,71.78520900884156,64.09792721753836,0.3394497393410918,0.3390005633474744,1.7268433051552787,1.6477998085447991,9,15.324390358316268,37.09441538752117,4.442991853562996,0.9719645566999682,5.299337761319388,7.743492236947744,5.661189465747108,1,4.615587477097046,65,2,3548.329932561561,Rice,0,1,16.869713029086114,0,1
0,0,1,1,2.277173178712201,239834,3,22.02301231194346,122.47117131263694,0.8745899928053451,0.6636238088646728,2.578791107881921,0.8494574403421993,65,25.79255122985116,48.60457495607661,9.147211743546736,1.2116538376910428,12.167813316542889,7.126072735119901,0.163965742155681,0,2.941304445132067,35,1,3570.541010541646,Wheat,0,9,44.73582377838444,0,0
0,0,0,0,1.0298114136804577,428368,2,79.31641683672132,101.08161595763974,0.5142578552607556,0.408182073168227,2.659041513518578,1.4132670702441683,21,27.09471948561619,74.7129788353152,1.1124163956165636,1.0607931482986763,17.17980771350436,6.749389601163297,0.5814795407372977,0,3.0435492194435394,69,4,2373.279742094735,Wheat,1,8,13.336898003929832,0,1
0,1,0,0,1.397841225645864,148399,3,74.92456834816628,6.09326679291699,0.5479804376749526,0.2065033814262215,0.2508905668289196,2.749111237775803,14,22.117303912892357,30.909541583340967,26.975731155361338,1.962723494641696,34.5036166503226,6.991140793799599,2.262133836953419,1,0.1707212852374752,13,1,2621.483660679958,Wheat,0,6,21.432975516909263,0,1
0,0,1,1,1.487223205696547,600443,3,95.53747011811238,40.58447062187628,0.4136890756856127,0.5706674648813039,0.1928944528392257,2.488669211859224,45,18.22222015039844,75.4492018706307,25.358563989425733,1.7535464834670067,18.34668133133464,5.641808021861465,0.431768703039519,0,2.678833715079552,61,4,2601.206057737661,Rice,1,4,5.179883625985537,0,1
0,0,0,0,1.0557921358962736,962268,2,45.94520772070363,79.01661923238635,0.3644761637629465,0.4133776810681763,1.1976047414755098,2.4835302502032808,70,22.27175357457955,75.24302002112773,34.899820947539155,5.002434381553557,29.607287778950354,7.067576879165108,1.865860819019885,1,3.708757907615055,44,3,2335.9009734821884,Wheat,0,8,8.994738290109211,0,0
0,0,1,0,1.017189114334227,694627,2,47.297300605828745,20.562186946339786,0.5883699615553628,0.3149379512716851,1.431285758639086,1.240154790667091,29,24.75670125330453,84.12072610440626,8.957108155667417,1.5438406863449032,19.252513942528328,5.677791789698,1.792101410178545,0,3.707881220149223,53,4,2969.061737408737,Wheat,0,0,36.21654587483098,0,1
0,0,0,0,0.9519624879147612,922271,1,48.03459885017898,14.381682099821202,0.4322265926075639,0.2228810875787656,0.1051456570433414,4.02432730049423,85,22.407631997667757,66.04266823010792,59.85229250088943,2.7870159771648937,20.10680622854063,6.739533108950192,11.319424068880975,1,6.816274993636013,27,2,2823.495434510351,Maize,0,9,6.6089128419430985,0,1
0,0,1,0,1.132464487962516,100798,2,35.74525957569398,19.961698455911,0.6328023569524156,0.2998503581912603,1.782816352372696,1.9918161030697383,37,32.527755905743454,87.11684742881314,0.9204442875153396,1.493254395515906,6.639043899138147,5.621639055646591,2.601114180713864,0,3.6012788511444525,9,2,3877.306843100323,Wheat,1,8,15.339216371395247,0,1
0,1,1,0,1.3157687879416389,996355,3,91.79545119383408,10.521743948087927,0.4323734909893635,0.2584966720197194,1.717635764522397,0.7480614787214642,31,31.19626986198371,69.49922142250833,6.105146761083649,0.3340872750313916,17.951125354891367,6.764832377319839,4.945675197697338,1,1.528378854763761,66,2,1861.9069721234653,Maize,0,0,41.44596985456402,0,1
0,1,0,0,0.8685449243076684,305183,2,35.74651266223248,23.584688575076896,0.6865550508909486,0.4928711472386263,0.7146770279585557,1.4569279900078445,94,23.529278280034887,69.4901143651658,21.83534002214865,3.009621127000597,29.037789716493624,6.737527472286588,0.928761171466654,0,1.2440401998146688,86,3,1552.0522568751765,Wheat,0,8,2.219830180493481,0,0
0,1,0,0,1.194007599549234,279221,3,75.45925788940828,3.5114786184858304,0.5858019227594154,0.3507658713299639,1.669391573119699,1.4122464302250328,69,32.97586803048601,37.55817243405424,4.402871332527035,0.8509295193107412,18.345460058204974,6.248070503447365,0.3844214964373381,0,3.9013424749703,4,3,1030.4044337409418,Wheat,0,7,25.159508229029758,1,1
0,0,0,0,1.6119555934772587,399959,2,45.025394050866566,31.60128660043724,0.6228309920072197,0.3451607162665812,0.7062361551337912,0.5673062915793723,45,22.93314834101128,30.43028841817405,15.1645719964892,0.4277285227071209,29.624238075251856,6.413712601457327,0.308694904226063,0,1.579874696289833,35,1,2604.4752821697225,Maize,0,3,27.84833399186133,0,0
1,0,0,0,1.7599926613095889,212605,3,76.2525236987902,8.042665276318552,0.6769336433396724,0.4227873478723395,0.7079747780524082,3.059517604019243,98,14.503021382767432,34.93498836672204,36.62274950269845,1.8196952800253,28.817482996563324,6.824347574824455,0.1683120862357551,0,1.7770145291455006,45,1,2390.464415590301,Wheat,0,2,1.5436543385654644,0,1
1,1,1,0,1.0062422211788031,807690,3,98.35036105644622,26.88465295431734,0.4209339546960369,0.4421076567898733,0.8800457753336792,1.5857347110570783,21,27.9856502574938,37.93781391281624,38.62198214000774,0.877802231665214,13.97632218203652,5.801321265502165,0.4496835467626764,0,2.8896661260085503,85,3,2206.1095874102534,Rice,0,6,31.29037720294377,0,1
1,1,1,0,1.4823063819796087,197387,3,33.54956497197256,20.252366796384592,0.1865142528711585,0.3183771099743741,1.043579448301397,1.0358355112897697,49,33.20657931531788,30.537073115855584,69.14804494641926,1.4777739606312918,24.42458789574051,6.818666598238094,1.8793931930643029,0,1.0765706235563894,66,1,2527.9339872445976,Maize,0,0,2.47659685437121,0,1
0,0,1,0,1.58689120441218,671830,3,46.9994663813641,70.75051818345722,0.7583286695563033,0.4128399858840897,0.3590854476544576,1.4886452191075783,69,27.009621093905334,79.98187192725953,3.2189266077956766,0.2008009920608822,34.050572006195175,5.631416813719502,1.5944082789431286,0,5.5626690376254375,13,2,3501.780348812382,Wheat,0,6,47.687784150388005,0,0
0,0,1,0,1.8993687156311485,781792,3,33.35096270084964,66.37236617916776,0.5526029727525871,0.4378713408378038,1.165276059908522,1.7802116905435736,30,18.20343381871108,34.64234637620669,23.856502915941817,2.62296944046705,20.285607569109864,6.688544931248992,0.8412006279433967,0,0.3818578119871847,76,4,2570.848037097688,Wheat,0,5,2.006937197663794,0,1
0,1,0,0,1.0986937160361134,732098,3,30.52650435150304,70.05476368546825,0.6510225129890989,0.2331575697405943,0.3689543411597975,1.7726410123818903,89,34.43764387401765,32.0789922637652,3.4824006415000164,0.8645768205841905,14.160439125760892,7.115189594068305,3.068506909975832,0,0.258329194102266,93,2,2495.647236578837,Maize,0,8,47.787564301836056,0,1
0,0,0,0,2.626665200991443,977769,2,20.48716877905337,43.99989637767241,0.1372631716750366,0.2564153508802778,1.7778719599237147,3.9554375358488953,9,36.895605126910255,35.27770407457861,0.5401413852738666,0.6450250421972362,9.72739747976436,6.2834803809196105,4.2658364468334256,0,7.810825654099878,58,2,2501.443282963917,Wheat,0,8,13.687037095939235,0,0
0,0,1,1,1.755844764982728,514380,3,41.60972245689052,20.97610827235858,0.4283489662403005,0.3758966588092606,1.3538423627015357,1.1338836574661426,52,18.384056250759063,63.34736905693906,40.83201787349171,0.9622530818491752,28.61103443037878,6.654560004873254,3.4195658830648497,1,1.433805450847734,74,4,3073.3660875883397,Wheat,0,7,20.797881874340213,0,0
0,0,0,0,1.038939022471927,994120,3,79.12422285737688,39.97358897554426,0.507800415520355,0.2537556332169838,2.1003040853223043,0.1644258543772411,86,31.96874987190384,54.87298829410188,0.0876911533906309,1.6996067374819894,9.890743299121764,6.420553797471152,1.0290232097569183,0,0.688891702535131,17,3,3107.855252199216,Wheat,0,6,1.9894762668934085,0,0
0,0,1,0,1.5619478242014508,328763,3,45.48881864468812,59.88699670942162,0.3118905400673303,0.3452116534838769,0.2235367299335486,2.6458975169977923,86,29.761031954593484,58.68353702257688,14.882948335295849,1.5962771862345435,5.019909993262361,6.859425735166475,3.493159159591024,0,3.068534768264813,75,4,1488.7031478681652,Wheat,1,0,1.0667292093869074,0,1
1,0,0,0,1.1411134115300163,642422,3,38.25772057982024,286.5884960715309,0.1800162371985205,0.2434949453031347,0.3717878384883965,0.784909674037511,53,20.36471637576413,56.875558509087696,30.138735286608696,1.4114677173402566,10.230244420979366,6.489354505618989,0.0386935452244331,0,1.8131698004467,17,4,3430.954294331932,Wheat,0,0,18.53328867947531,0,1
0,0,1,0,2.0143574323221274,369010,3,64.22162349268962,96.20655515642495,0.3851928984699019,0.3192038618110664,2.132116522813092,1.93490642371804,28,25.19287842508053,76.51081753951527,72.92468847945189,1.0829228576436976,14.943109529848838,6.43285192802824,0.8362145209318149,0,3.4607365741709177,64,1,4433.0057794949935,Wheat,1,0,4.8760951805048585,1,0
0,0,1,0,1.0313727464959497,339839,2,33.123728871043795,22.31325802234423,0.4324990724795408,0.5200063576089943,2.3060779201393555,3.774787690178192,29,18.205812708155094,80.3105278011179,24.81431182422162,2.4824686573200165,8.135780480897331,6.986446254802859,1.9236102359632508,0,3.550083564008611,28,1,2771.0263043250047,Wheat,0,0,20.719329143727084,0,1
0,1,0,1,1.172960365907684,705579,3,27.525786968431124,59.68191960014975,0.9202394361945412,0.3969288514179867,1.1980697061270966,2.565339170347176,23,24.13603240438766,53.8251912189192,17.33625586126414,1.0241455883885389,8.801891468293219,6.695329174567231,2.296291988633668,0,0.7129249463657845,32,4,4023.730374501194,Wheat,1,3,43.38738802623694,0,1
0,1,1,0,1.7942854176691272,500810,2,23.961376213329764,3.28933881655697,0.6693482571315599,0.4862783430115786,0.9490742468093024,1.1583570261464358,68,25.018028254348724,73.63115888540582,1.9525128441599056,2.3411385382529093,23.417392208270343,6.658448929692916,0.1609619649098897,0,2.327234120066404,40,2,2501.0685670595904,Wheat,1,7,14.011300069176183,0,0
0,0,0,0,1.9766572954652517,990519,3,38.1261298503521,72.12721376804075,0.6771492013724691,0.4460950936785627,1.6460545481995734,3.3438959230942924,11,22.24847045262484,79.64765934427837,15.840617210047148,3.4205844220421358,21.967510945585307,6.330203272342425,0.4342783326982524,0,4.29197702710261,45,4,2517.857681390747,Wheat,0,4,2.062039570223162,0,1
0,0,0,1,1.0223907336585265,854973,3,68.56204132322631,22.959351212685306,0.5404664162636862,0.5181256209288588,0.6491060575723976,1.552556249196599,60,31.252649887892325,63.12645829433046,35.495882769132066,1.2385540213156612,34.38772607282873,7.375279258877805,0.014821086951388,1,1.8938372552947216,84,4,2513.233228790293,Wheat,0,3,47.12255543910552,0,0
1,0,1,0,0.8370613439255282,544541,3,24.803497852906663,51.56726740302364,0.3916229743550437,0.0601961268405119,0.5692471620271982,0.3230673753007181,57,14.536004781811563,63.79124073602324,43.99638267483645,1.21961797443016,27.449165449048,7.196458186995984,2.5509667379228307,0,1.598757424344878,33,2,4028.6697791556594,Maize,0,5,43.58708105633246,0,1
0,1,0,1,0.7546825058551321,255581,3,56.09681619522072,32.46906910431598,0.2298298321010835,0.1771262994791619,0.3316582460195214,0.6953811775028187,7,30.613059174600814,34.973637992893195,1.305583574125473,1.3977483006299554,14.957306520096164,7.055420607809241,5.726056294995027,0,2.844845516215438,60,3,2292.3821531205085,Wheat,1,5,2.805246294788483,0,1
1,0,1,0,1.619532873374816,914961,2,55.104545610585305,70.67084364764563,0.4543718074965068,0.3771328577992134,0.1741540420432462,3.2198023971535528,49,24.43534976950018,50.34585177068601,51.19518510999789,2.9175357307613776,16.39745196467578,7.041465106369815,0.8698660491763984,0,0.7396385729070647,66,3,3256.693477071672,Maize,0,8,6.807676195566281,0,1
1,1,0,0,0.5326046857663077,264656,2,14.782981490851965,12.865762383056492,0.7292823900066159,0.4644919848449398,0.359877776021448,2.389251883507384,2,28.708754493888115,87.8349890486053,19.114973087416544,1.253824854380047,18.08600646286476,7.482884116412559,0.9706157920015356,0,3.872982112161539,48,1,4205.530931574618,Wheat,0,8,1.3474325526728337,0,1
0,0,0,0,1.0813935481598425,184224,3,66.32397707686353,0.536141538887821,0.5677204203846313,0.4526160558015184,0.2206629580096376,0.2860191702341874,33,32.649061135045265,65.24534040406292,41.31121999847815,2.1312082626163327,15.384592759017146,5.47095543763765,3.0541486000278377,0,3.484863229848149,80,4,2605.6807396678423,Rice,0,3,6.978426872628801,0,0
1,0,1,0,1.5892355222995111,894699,3,91.19808914132614,35.972701973250224,0.4185580141780307,0.2085977508671889,0.5336345027118305,2.7654972921318888,38,28.37902419514636,76.00627067955321,3.344083630213604,1.062387143170791,25.58841014067755,6.49333138221873,1.9376569830178745,0,1.6864455421901343,67,4,3292.129134609957,Maize,1,6,27.740217920121,0,1
0,0,1,0,1.752616511479486,921031,3,93.35283932590596,77.74908494016454,0.8298243912680044,0.332898277459917,0.5960289599372588,1.947536773695688,74,16.66490768211433,56.98539871344005,68.88026201903763,2.230342088963304,30.530172189127185,6.461780356669453,0.1558859973085494,0,6.090494673504341,38,2,2769.7299251759614,Maize,0,2,2.691117984293085,0,1
0,0,1,0,0.613495322522349,122839,2,37.76346626368378,56.42552329003193,0.6890981604255121,0.6179627644479389,0.2952603373346483,1.5297493054685112,67,27.633226767201524,65.23546973833601,47.6538825302687,2.1314042229387,18.914029296891403,6.210457678577988,0.6852737282197808,0,0.4896588801788576,51,2,3087.3701838018987,Wheat,0,7,8.554987280656977,0,1
0,0,1,0,1.1389104758757118,413354,3,23.995370152128054,84.42732213103051,0.4382276217374988,0.4264701967743279,1.8156060892056312,2.943639970781169,58,27.02596578785668,58.22992156961957,29.75295700884292,1.777311715575548,11.885695981028952,6.159541772965648,1.5517345505925602,0,1.4935199883145975,57,1,4185.64572939888,Rice,1,3,34.67831748654215,1,0
0,0,0,0,1.179642455181768,708020,2,40.010405115619065,60.36794314431216,0.6711590510407254,0.2805809065917619,0.2713071647542258,2.2232203437181783,11,25.980508310027076,47.88350813236666,3.1150168429492027,1.844324045253039,18.462312933567592,6.390753521267634,0.4285590016139248,0,5.486966293454564,65,3,2801.3711258191897,Maize,1,8,12.49391564894109,1,1
0,0,0,0,1.8012213891733917,411233,2,53.36787833871727,0.0263490783924925,0.6450198708076027,0.2226518720750871,0.4402631159502655,1.9587847225749144,89,24.050355246454032,40.56138117309389,18.67504270379104,3.136446018325456,26.113200038963186,6.6678993789014855,0.8950464483012658,0,0.6586414871399838,97,2,4365.40504008686,Wheat,0,4,2.287129542960409,0,1
0,0,0,0,1.2254852328213657,799526,2,66.53382597399208,73.5381532052232,0.3829399380604618,0.5200290443533189,1.115440854859442,1.8999628280250629,40,21.266694836495216,64.66513699347503,17.358616317938413,1.8302302900222256,19.76609490850095,6.339957093938181,5.618372178634105,0,2.703066205076601,45,3,3398.2810410088287,Maize,1,5,19.07975964537878,0,1
1,0,1,0,1.4446881868265993,692271,1,50.47325735828181,134.99504895129172,0.8970861245413619,0.4700533633599943,1.2935994302571567,2.4176010118099045,48,20.89873493643284,54.82755755364576,64.65397461039981,2.870879925561599,23.73882415328381,6.720211160566142,1.538110723965528,0,3.463037199201942,5,1,4519.686795420763,Maize,1,8,35.24525638644175,1,1
0,1,1,0,1.0144051786019357,172704,3,14.319590806397532,80.84848936046951,0.3611882104777195,0.2072413122237426,0.6374866034180848,1.4289230776475952,92,24.244973658752915,41.006751427289366,10.413525893622968,0.9427623206259902,5.572774164189518,6.82112741778947,2.715357945920526,0,2.8262334029075613,42,1,3136.6772591782133,Wheat,0,9,8.210646298764162,0,0
0,0,1,0,1.0092394908279132,219123,3,59.71522428548869,11.104773028385246,0.4544693341160231,0.5582561610933686,1.2366286727452205,1.4349565797564472,63,29.552857898030297,73.09340493379324,5.955870293444331,0.8757788996821022,17.323995087997062,5.629959728957723,5.157877123791732,0,3.0832212900801537,6,4,1961.9303082977665,Wheat,0,7,29.696204059902488,0,0
0,1,1,0,0.8895140711311439,856480,2,67.53024661418058,44.45511317228395,0.5326451683967449,0.6223623430829102,0.2827674748370975,2.9380163481033588,16,20.552425678488323,39.47112340682666,19.498665107247167,1.99635439320997,17.04203407126819,6.705715466151143,0.016144041048961,0,6.1036557792373936,86,3,2792.479789377815,Wheat,1,2,14.417037412710645,0,1
0,0,1,0,1.5188663785220526,419088,2,85.02861980672274,187.2038334841744,0.2424112664102654,0.4359813837835232,0.8362619173147633,2.152142439162146,40,27.69577047278297,48.45751198005343,10.95742298609328,0.5184582787936933,14.536514188363888,6.318285251227614,0.7294594624357983,0,4.074252762702067,80,1,3356.801204252321,Wheat,0,4,39.37254598445452,0,1
1,0,1,0,1.9381381955930317,793213,3,27.377322280979264,38.48208125071812,0.399448594997609,0.0985207651127618,1.5776143050510163,2.1175605495420404,79,23.338726349081767,56.16113014847783,10.521462536364751,2.482584824691291,19.967716222866645,7.124791817065519,2.2288872457296507,0,1.8213204862749293,12,1,3922.2991504266993,Wheat,1,1,43.24851822077912,0,1
0,0,1,0,1.881371588748209,446381,2,83.38067034165371,34.85110414131027,0.6153953321197507,0.4336262486536619,3.124067983004659,2.6956245786638906,68,32.090552045855375,46.16205443732639,43.17495851534167,1.553891544567684,15.592975809058972,6.99730652202978,3.9274632904557696,0,2.1275870765775746,8,4,3636.608414822171,Wheat,0,1,4.104241531632918,0,1
1,1,1,0,0.9179673155603508,914735,3,26.5034572704951,54.86843906602444,0.4481710588197075,0.2872079863291383,0.3948756178064471,3.706246289900283,2,25.63443531683338,36.76538045487668,0.7365305175078886,6.238104722160726,30.401300565889883,7.128082797139799,0.2799976092514122,0,0.7747400147479766,9,1,3306.637293361121,Maize,1,1,33.96833399599847,1,1
0,0,1,1,0.8194443044868379,903622,3,15.85312024270301,40.59310332909023,0.5030431772468253,0.372005085412929,2.9588519741672163,1.347865468945271,61,29.214283159831854,38.37099731339032,35.985288216172314,0.6833846187124555,20.40267352690573,6.229336536964583,5.584641648853254,0,0.3252439148467151,22,3,3342.3362132999664,Wheat,0,8,13.636872239810083,0,1
0,1,0,0,1.398442526069976,353173,3,26.01951650567294,88.83376163276998,0.6263285171660825,0.317943759487843,0.9113402282273212,3.811381222028943,4,29.61955637858962,59.22282095512649,19.393170727317944,0.8996656024884148,25.65734595272917,6.72128079970604,0.0073980268335293,0,4.993461897433924,54,1,1795.1819533083674,Maize,1,4,16.755000398041847,0,1
0,0,0,0,1.1683283061309735,332110,1,55.74336183555908,8.550021550338926,0.6016551207785783,0.6138046060837343,0.9413478008976768,1.338624085077996,95,21.134001715502077,61.6926547886836,72.65689716705519,1.2901685447217934,5.714973194737042,6.38817735362549,7.98350729971189,0,3.740777848946164,92,2,3175.6691928494856,Maize,0,6,35.119313011067725,0,1
1,0,0,1,0.8000037526297329,339668,3,96.56063284537662,74.54561165152643,0.4713112650759637,0.2634201804374504,0.5905540942869419,1.979597610086253,18,20.001204969854005,51.98324120513156,2.94934590251526,6.219755164981148,18.943244431178247,7.312826738634089,0.8108285287247776,0,1.5180608188136873,52,3,2735.8760196693515,Wheat,0,7,18.88732956592064,1,0
0,0,0,0,0.8723467990467428,966049,2,86.40845615419117,74.09749285749344,0.6251273570586601,0.5749479033083779,1.1180290536681137,0.5743311621523006,87,23.43895174650145,46.25825386299513,13.865530599549936,4.998979702200283,31.45625675279484,6.558118019218439,0.9827939374029756,0,2.0486392693273423,78,1,1576.139313380011,Wheat,0,8,25.726382532594197,0,0
0,0,0,0,0.8201847779669849,610617,2,30.532081452301043,9.08735803836978,0.5316555178276965,0.3409096210067853,0.9110777056380251,1.5872276049224283,46,20.444396253497573,62.143998556595854,52.03992737217831,0.974936344134324,21.065842975649808,6.480549314632489,1.0273561826310458,0,6.731159374825611,81,2,3422.53645581176,Maize,0,5,19.426182307914907,0,1
0,0,0,1,0.1564882167082182,621252,3,78.59177366745526,30.23149957782148,0.8450759873117845,0.493666287495223,2.091760985118398,0.4315798349902443,51,35.801187562989696,74.59545897473362,93.50325404920788,2.500464001604778,15.1725723265969,6.847145803293667,2.229364387719845,0,1.231187228450751,72,4,2902.64468505548,Maize,0,2,2.0568256006859578,0,1
0,0,0,1,0.9078581460126454,279403,2,42.02902957524833,0.2333981179604414,0.5111152342047145,0.6015057454444444,0.6834362737997551,2.181918558272945,80,22.77332555434206,83.79991901803632,19.015022895117628,2.3933405913752765,13.4585589013994,6.93114044396088,0.66364737097364,0,2.920999010776216,47,2,2509.789782570188,Wheat,1,8,15.252713818018156,0,1
0,0,1,0,1.0003001006922054,601778,3,30.105770679637963,59.14446702037044,0.6534652078412605,0.1996068479590056,0.6903876888216969,3.641110532370607,14,29.32724284702965,79.08228291231167,9.978539907730203,0.8987308872229135,7.295449211581985,6.409098312745785,0.6537692136057192,0,2.2368651643014976,46,4,2872.1220275601186,Rice,0,3,38.791447770518246,0,0
0,0,1,0,0.5612778444499844,412204,3,78.579034380929,1.2094615272409297,0.4945533518100806,0.5344104510482878,1.1231601525139885,0.7134049904893519,99,25.01192410193873,85.14732236578715,4.682730420442925,2.1905276489010825,31.64312101655616,5.558969832981879,2.2356798500716204,0,3.312306799970861,28,4,2955.216030707926,Maize,0,9,7.789364555266943,0,1
1,1,1,0,1.11493566400866,113315,3,41.88522285612534,2.1340603662974265,0.4082592122717507,0.354151833844243,0.8610629747533934,1.820846025654463,34,27.14557106533801,48.77475886255027,24.67285849872757,0.2855379107363935,13.146191882478313,6.635039152109515,4.147048153742187,1,1.9942782791544256,25,2,2422.4341511011407,Maize,0,7,31.666913456322725,0,1
0,1,1,0,1.525608853919748,634806,2,38.32537622783583,18.590747978881712,0.4605837086975635,0.309178377619662,1.6888989043196283,0.6434547891912605,17,18.47166530438654,69.79082530173605,1.6180059015855006,1.8816685708806056,5.052300291039482,6.924835314300284,4.03051866993284,0,0.832722534412063,72,3,2724.836741405895,Maize,1,9,7.37203171689893,0,0
0,0,1,0,1.158416407688417,188593,3,38.50671430118202,24.02185612113944,0.5688285313687392,0.3340705213563585,0.8916573867569088,1.1575204292994234,3,18.773124473364923,83.02056618787552,4.177105950177264,0.8558523450257409,27.597621182542685,6.7821015447750606,0.705914310144129,1,8.373577936760872,49,2,2311.377610068867,Wheat,0,5,20.131291117969536,0,0
0,0,1,0,2.0420810213056497,702395,3,66.37782440619819,11.685528043257811,0.5104122306778183,0.4820184292800556,0.3892833994416726,1.362161927179791,61,27.638702477588843,86.60548134002372,18.80207242882628,0.7249379871958007,17.05102470580116,7.051892629946308,3.044487076202799,0,1.506181246994034,69,4,2575.392087232818,Rice,0,3,20.60364237049261,0,1
0,0,1,0,1.2303316813390368,474365,3,93.23659487390162,79.19508409105026,0.6293088642628513,0.4050952612096777,0.8382685193653211,1.0951938600934463,64,28.946401577675992,66.72948245327059,4.921125027172143,5.649930004979049,23.96130161569908,6.015801779883493,0.019229864122,1,5.128855693831738,90,2,4615.3221591046895,Maize,1,6,12.299210096466762,1,1
0,0,1,0,0.6603357489767663,530847,3,95.08077158197696,16.891763119355552,0.4489674675564115,0.3227654108953567,1.0956040855038904,0.62574191064664,20,29.69880466077859,67.76600995383635,22.909089252378813,1.694761781299458,18.743540075695627,6.652504163921311,0.2455817710698437,0,0.814502349265801,75,3,3690.906859826077,Rice,0,3,47.93344516722768,1,1
0,1,0,0,0.9709500851441792,372576,2,99.92087246682271,123.6646596184306,0.5944029043225024,0.3922069496019841,0.1442942785695123,3.1446426726060004,16,26.56649313141229,60.44688890792069,5.274277773186636,1.8616266188864925,31.90132796321577,6.096432180075108,1.6208050921225263,1,2.3316884482544493,51,1,2528.313006787058,Maize,1,6,33.50907596790507,0,0
0,1,1,1,1.5106223719996303,528389,3,75.7351733439362,18.40515594076939,0.5102100650367988,0.3411323219853393,0.6007833622377409,0.6559107060741771,41,22.93029881307069,45.72880071405753,2.0855990153851347,0.3797500725716304,20.34636055532876,6.339273781051596,0.6429846089285475,0,2.1165163904718804,30,1,2886.5333140601088,Maize,0,7,49.58736893300413,0,0
1,0,0,0,2.3007519193850805,990030,3,65.34834144477526,31.53527266163722,0.3361847595457015,0.3210206395096817,0.3377372380097121,1.3823978978612343,66,25.12045222174364,52.929571126928494,36.08619913829979,2.503798653685512,17.872117290114225,6.735981709807855,1.640378736853631,0,2.243841745543149,64,4,2847.9813676239582,Wheat,0,9,26.639226460478515,0,1
0,1,1,0,1.1460601127849062,197814,3,49.998921309571365,52.44784397123657,0.3653021085555908,0.2122043396797591,1.9051174532490889,1.0851448632523624,85,16.767175819739762,59.3490112478931,56.52488068122972,4.391670452794543,22.03089126594334,6.784047225481145,1.793420712989391,0,5.818185270255335,30,1,2679.0880031460324,Maize,0,9,33.778655639209546,0,1
0,1,1,0,1.2209613420780538,961202,3,16.669665008134455,102.52665620706584,0.7524879157796533,0.5283662468444867,3.59601601822332,0.9784971887488974,90,21.269169747728476,48.401179350618655,2.204464241637544,1.5621397051158674,21.74846211518935,6.47351235559089,0.6013066575352617,0,3.2128077824558234,66,2,1860.510220039989,Rice,0,1,10.410695301489254,1,1
0,1,0,0,0.7089854747591379,775061,3,85.09561860387146,93.73846642524776,0.5755344667253778,0.4117297182588136,0.7253717849298071,0.6256518562426745,20,31.873147485666127,82.33507969764518,0.1871106494242863,1.5163267342935254,33.6399788048696,6.368335005514001,0.1229406919891374,0,1.1929087022127085,38,3,2829.0236726707285,Maize,0,5,15.650233727506857,0,1
0,1,0,0,0.829779961394672,402893,3,63.60635327249901,56.46196756783104,0.7019919003580702,0.3535772087970844,0.7252911785298115,1.4154372895564988,66,30.851804250416272,53.152269227640645,12.937383890984108,2.170200762043004,11.293696312182114,6.811510563428511,1.50289459345405,0,1.818460377661468,62,2,1848.3179490961445,Maize,0,6,26.66512158863754,0,1
0,0,0,0,0.6889448159645374,317384,3,60.20883744866916,74.18286461787561,0.3241851585195279,0.5835033629418789,1.2855484156457342,0.4966833960529768,60,24.26282311112136,40.17502646171071,16.454073329585373,2.4289038393115905,14.895880152572268,6.953320522688477,0.6374880222735058,0,3.270852218433083,39,4,3349.4947716601678,Maize,0,5,26.510161379231143,0,0
0,0,1,0,1.8853839526568008,753311,1,25.711243658143857,55.79311363232073,0.4417019051232125,0.4499628945776292,1.459294783127834,0.7003146180854678,8,15.824259304869017,40.33297780718444,3.6885914841769423,1.9598414772797084,6.709048566417919,6.208396427899266,0.8057720783950111,0,0.3680490823464684,94,1,3500.251968639553,Wheat,1,4,32.746721094184274,0,1
0,0,1,0,0.6206178452338713,677506,3,74.84994798081858,101.8441427261456,0.6197185065884614,0.2455852719782811,0.942454036494224,0.2033740943700766,10,26.120888480562048,42.75871965584618,0.5821673808144702,2.0721142201933134,30.29644367572783,7.04711051497981,5.5143644831721526,0,1.730548914416859,11,2,1688.7174703356486,Maize,1,1,0.5111554315728517,0,1
0,1,0,0,0.3717263159227933,558643,3,82.95426205308729,69.69128530725398,0.3884542762310352,0.348976806452642,1.0102408166210406,1.4383159580403968,32,21.40956365838241,48.86368383950469,2.6815674587114557,1.1852856170461925,25.635523904096765,6.8442261388568975,0.8118784790538248,0,1.028704290944349,47,4,3012.718706367434,Maize,0,2,12.868108059238386,0,1
0,0,1,0,2.034344162102836,106130,3,47.955004918072106,104.2841579503816,0.579620636803795,0.1048631362351974,0.921293650973612,1.4823917917656528,94,28.3028979782535,65.00356027708344,5.259201420037579,3.425153669644045,20.36888945752211,7.390566395384556,3.13264637745869,0,2.529564870025397,25,3,2393.845981506852,Wheat,0,4,10.031621307846171,0,0
0,0,0,0,2.021260195614708,638661,3,16.334777677813214,47.97391058709398,0.6344678967977178,0.6144170199508936,0.0566559371819606,2.930642514404812,99,24.600949509851187,52.0238869938662,6.340822076856817,0.4074202541498444,22.801080277965085,6.137676247785005,0.2244214235519918,0,2.619077507521532,40,4,1866.4497234429475,Wheat,0,5,6.559185240548854,0,1
0,1,0,0,1.6170748344300774,547098,3,29.658113777349055,30.786808231673607,0.3211383855970303,0.5521868794678717,2.033358427715179,4.182727972356021,2,24.32403225054057,79.83683471061278,3.6026162823529777,0.8565389590088787,17.16300727345432,6.6083291870695575,3.4423495858813915,0,1.6170956288032512,55,2,3325.7330768468223,Wheat,0,4,47.23700227231394,0,1
